AsOf,Expiry,Strike,MarketVol
02/11/2025,30/01/2026,3200,0.4879
02/11/2025,30/01/2026,4000,0.3847
02/11/2025,30/01/2026,4400,0.3494
02/11/2025,30/01/2026,4800,0.3124
02/11/2025,30/01/2026,5000,0.2948
02/11/2025,30/01/2026,5200,0.2761
02/11/2025,30/01/2026,5300,0.2675
02/11/2025,30/01/2026,5400,0.2589
02/11/2025,30/01/2026,5500,0.2503
02/11/2025,30/01/2026,5550,0.2461
02/11/2025,30/01/2026,5600,0.230164
02/11/2025,30/01/2026,5650,0.230494
02/11/2025,30/01/2026,5700,0.225451
02/11/2025,30/01/2026,5750,0.22016
02/11/2025,30/01/2026,5775,0.217597
02/11/2025,30/01/2026,5800,0.215117
02/11/2025,30/01/2026,5825,0.212141
02/11/2025,30/01/2026,5850,0.209578
02/11/2025,30/01/2026,5875,0.195441
02/11/2025,30/01/2026,5900,0.196681
02/11/2025,30/01/2026,5925,0.193374
02/11/2025,30/01/2026,5950,0.19048
02/11/2025,30/01/2026,5975,0.186181
02/11/2025,30/01/2026,6000,0.18089
02/11/2025,30/01/2026,6025,0.181882
02/11/2025,30/01/2026,6050,0.179319
02/11/2025,30/01/2026,6075,0.17626
02/11/2025,30/01/2026,6100,0.173863
02/11/2025,30/01/2026,6125,0.1713
02/11/2025,30/01/2026,6150,0.16915
02/11/2025,30/01/2026,6175,0.166836
02/11/2025,30/01/2026,6200,0.164521
02/11/2025,30/01/2026,6225,0.162702
02/11/2025,30/01/2026,6250,0.159891
02/11/2025,30/01/2026,6275,0.157824
02/11/2025,30/01/2026,6300,0.156088
02/11/2025,30/01/2026,6325,0.154187
02/11/2025,30/01/2026,6350,0.152285
02/11/2025,30/01/2026,6375,0.151624
02/11/2025,30/01/2026,6400,0.150549
02/11/2025,30/01/2026,6425,0.150549
02/11/2025,30/01/2026,6450,0.149226
02/11/2025,30/01/2026,6475,0.149888
